<?xml version="1.0" encoding="UTF-8"?>
<project-private xmlns="http://www.netbeans.org/ns/project-private/1">
    <editor-bookmarks xmlns="http://www.netbeans.org/ns/editor-bookmarks/2" lastBookmarkId="0"/>
    <open-files xmlns="http://www.netbeans.org/ns/projectui-open-files/2">
        <group>
            <file>file:/C:/Users/DELL/Documents/NetBeansProjects/ProjetIHM/src/form/FrameAccueil.java</file>
            <file>file:/C:/Users/DELL/Documents/NetBeansProjects/ProjetIHM/src/classe/Etudiant.java</file>
            <file>file:/C:/Users/DELL/Documents/NetBeansProjects/ProjetIHM/src/dao/Dao.java</file>
            <file>file:/C:/Users/DELL/Documents/NetBeansProjects/ProjetIHM/src/dao/ConnectDB.java</file>
            <file>file:/C:/Users/DELL/Documents/NetBeansProjects/ProjetIHM/src/form/PanelEtudiant.java</file>
            <file>file:/C:/Users/DELL/Documents/NetBeansProjects/ProjetIHM/src/dao/TestConnexion.java</file>
            <file>file:/C:/Users/DELL/Documents/NetBeansProjects/ProjetIHM/src/dao/EtudiantDao.java</file>
        </group>
    </open-files>
</project-private>
